suburb,postcode,lga,crime_totalIncidents,crime_year,crimeLga_ratePer100k,crimeLga_crimeScore,rent_region,rent_period,rent_1brFlat,rent_2brFlat,rent_3brFlat,rent_2brHouse,rent_3brHouse,rent_4brHouse,rent_all,rent_1brFlat_score,rent_2brFlat_score,rent_3brFlat_score,rent_2brHouse_score,rent_3brHouse_score,rent_4brHouse_score,rent_all_score,meanMedianHousePrice,meanMedianUnitPrice,housePriceScore,unitPriceScore
Abbotsford,3067,Yarra,1280,2025,12460.7,-3.0,Inner Melbourne,2025-09-30,520,695,1000,720,950,1200,650,1.8889,2.9,3.0,2.1429,3.0,2.1111,1.0,1253500.0,,0.9047,
Aintree,3336,Melton,343,2025,5388.3,-0.0,,,,,,,,,,,,,,,,,722100.0,,-0.9777,
Albanvale,3021,Brimbank,188,2025,7366.8,-2.6419,,,,,,,,,,,,,,,,,622600.0,,-1.3301,
Albert Park,3206,Port Phillip,687,2025,11004.1,-3.0,Inner Melbourne,2025-09-30,450,643,825,760,1150,1400,698,0.3333,1.86,1.45,2.7143,3.0,3.0,1.96,2204100.0,1153000.0,3.0,3.0
Albion,3020,Brimbank,394,2025,7366.8,-2.6419,,,,,,,,,,,,,,,,,742260.0,315700.0,-0.9063,-2.9444
Alphington,3078,Darebin,407,2025,8504.0,-3.0,North Eastern Melbourne,2025-09-30,400,575,815,650,850,1113,550,-0.7778,0.5,1.35,1.1429,2.0,1.6278,-1.0,2023660.0,840960.0,3.0,1.7988
Altona,3018,Hobsons Bay,605,2025,6402.7,-1.3545,Outer Western Melbourne,2025-09-30,385,475,550,490,530,580,550,-1.1111,-1.5,-1.3,-1.1429,-1.2,-1.3333,-1.0,1179800.0,689200.0,0.6436,0.4284
Altona Meadows,3028,Hobsons Bay,881,2025,6402.7,-1.3545,,,,,,,,,,,,,,,,,725400.0,571360.0,-0.966,-0.6357
Altona North,3025,Hobsons Bay,1288,2025,6402.7,-1.3545,,,,,,,,,,,,,,,,,917600.0,748760.0,-0.2852,0.9662
Ardeer,3022,Brimbank,275,2025,7366.8,-2.6419,,,,,,,,,,,,,,,,,696320.0,586800.0,-1.069,-0.4963
Armadale,3143,Stonnington,612,2025,9532.0,-3.0,Inner Melbourne,2025-09-30,450,650,1000,830,1100,1738,625,0.3333,2.0,3.0,3.0,3.0,3.0,0.5,2455500.0,690600.0,3.0,0.441
Arthurs Creek,3099,Nillumbik,10,2025,2567.5,3.0,,,,,,,,,,,,,,,,,,,,
Arthurs Seat,3936,Mornington Peninsula,19,2025,5236.7,0.2024,,,,,,,,,,,,,,,,,,,,
Ashburton,3147,Boroondara,460,2025,4447.7,1.256,Inner Eastern Melbourne,2025-09-30,450,570,720,580,650,878,650,0.3333,0.4,0.4,0.1429,0.0,0.3222,1.0,1922000.0,1378500.0,3.0,3.0
Ashwood,3147,Monash,520,2025,5566.4,-0.2378,,,,,,,,,,,,,,,,,1497000.0,1108700.0,1.7673,3.0
Aspendale,3195,Kingston,280,2025,5702.9,-0.4201,Southern Melbourne,2025-09-30,435,545,675,550,680,870,620,0.0,-0.1,-0.05,-0.2857,0.3,0.2778,0.4,1302000.0,884080.0,1.0765,2.1882
Aspendale Gardens,3195,Kingston,137,2025,5702.9,-0.4201,,,,,,,,,,,,,,,,,1229000.0,,0.8179,
Attwood,3049,Hume,112,2025,6346.4,-1.2793,,,,,,,,,,,,,,,,,836360.0,,-0.5729,
Avonsleigh,3782,Cardinia,4,2025,4967.7,0.5616,,,,,,,,,,,,,,,,,,,,
Badger Creek,3777,Yarra Ranges,60,2025,3669.3,2.2954,,,,,,,,,,,,,,,,,669600.0,,-1.1637,
Balaclava,3183,Port Phillip,632,2025,11004.1,-3.0,,,,,,,,,,,,,,,,,1329000.0,553760.0,1.1722,-0.7947
Balnarring,3926,Mornington Peninsula,104,2025,5236.7,0.2024,,,,,,,,,,,,,,,,,1321500.0,,1.1456,
Balnarring Beach,3926,Mornington Peninsula,26,2025,5236.7,0.2024,,,,,,,,,,,,,,,,,1556200.0,,1.977,
Balwyn,3103,Boroondara,610,2025,4447.7,1.256,Inner Eastern Melbourne,2025-09-30,500,588,798,570,750,1000,740,1.4444,0.76,1.18,0.0,1.0,1.0,2.8,2963600.0,792260.0,3.0,1.359
Balwyn North,3104,Boroondara,577,2025,4447.7,1.256,,,,,,,,,,,,,,,,,2267680.0,1140980.0,3.0,3.0
Bangholme,3175,Greater Dandenong,58,2025,10169.3,-3.0,,,,,,,,,,,,,,,,,,,,
Baxter,3911,Mornington Peninsula,250,2025,5236.7,0.2024,,,,,,,,,,,,,,,,,725960.0,631660.0,-0.964,-0.0912
Bayles,3981,Cardinia,22,2025,4967.7,0.5616,,,,,,,,,,,,,,,,,,,,
Bayswater,3153,Knox,881,2025,4872.9,0.6882,Outer Eastern Melbourne,2025-09-30,393,493,590,500,590,675,550,-0.9333,-1.14,-0.9,-1.0,-0.6,-0.8056,-1.0,871200.0,682900.0,-0.4495,0.3715
Bayswater North,3153,Maroondah,688,2025,5643.1,-0.3402,,,,,,,,,,,,,,,,,905400.0,675600.0,-0.3284,0.3056
Beaconsfield,3807,Casey,508,2025,5486.1,-0.1306,,,,,,,,,,,,,,,,,961260.0,594660.0,-0.1305,-0.4253
Beaconsfield Upper,3808,Cardinia,28,2025,4967.7,0.5616,,,,,,,,,,,,,,,,,1260620.0,,0.9299,
Beaumaris,3193,Bayside,343,2025,4053.5,1.7823,Southern Melbourne,2025-09-30,480,650,900,650,895,1295,750,1.0,2.0,2.2,1.1429,2.45,2.6389,3.0,2058600.0,1211100.0,3.0,3.0
Beenak,3139,Yarra Ranges,,,3669.3,2.2954,,,,,,,,,,,,,,,,,,,,
Belgrave,3160,Yarra Ranges,170,2025,3669.3,2.2954,,,,,,,,,,,,,,,,,808200.0,,-0.6727,
Belgrave Heights,3160,Yarra Ranges,18,2025,3669.3,2.2954,,,,,,,,,,,,,,,,,1071620.0,,0.2604,
Belgrave South,3160,Yarra Ranges,50,2025,3669.3,2.2954,,,,,,,,,,,,,,,,,,,,
Bellfield,3081,Banyule,198,2025,6137.2,-1.0,,,,,,,,,,,,,,,,,,,,
Bend of Islands,3097,Nillumbik,,,2567.5,3.0,,,,,,,,,,,,,,,,,,,,
Bentleigh,3204,Glen Eira,716,2025,3838.9,2.0689,Southern Melbourne,2025-09-30,405,590,750,600,735,1025,700,-0.6667,0.8,0.7,0.4286,0.85,1.1389,2.0,1672360.0,775960.0,2.3885,1.2118
Bentleigh East,3165,Glen Eira,981,2025,3838.9,2.0689,,,,,,,,,,,,,,,,,1491900.0,974600.0,1.7492,3.0
Berwick,3806,Casey,2479,2025,5486.1,-0.1306,South Eastern Melbourne,2025-09-30,,500,550,490,560,620,600,,-1.0,-1.3,-1.1429,-0.9,-1.1111,0.0,871500.0,680400.0,-0.4485,0.3489
Beveridge,3753,Whittlesea,535,2025,5327.2,0.0816,,,,,,,,,,,,,,,,,650400.0,,-1.2317,
Big Pats Creek,3799,Yarra Ranges,4,2025,3669.3,2.2954,,,,,,,,,,,,,,,,,,,,
Bittern,3918,Mornington Peninsula,124,2025,5236.7,0.2024,,,,,,,,,,,,,,,,,832900.0,642800.0,-0.5852,0.0094
Black Rock,3193,Bayside,171,2025,4053.5,1.7823,,,,,,,,,,,,,,,,,2426000.0,1188700.0,3.0,3.0
Blackburn,3130,Whitehorse,749,2025,5032.8,0.4747,Inner Eastern Melbourne,2025-09-30,460,550,644,550,620,800,600,0.5556,0.0,-0.36,-0.2857,-0.3,-0.1111,0.0,1565260.0,803580.0,2.0091,1.4613
Blackburn North,3130,Whitehorse,204,2025,5032.8,0.4747,,,,,,,,,,,,,,,,,1315100.0,870400.0,1.1229,2.0647
Blackburn South,3130,Whitehorse,447,2025,5032.8,0.4747,,,,,,,,,,,,,,,,,1364660.0,783500.0,1.2985,1.2799
Blairgowrie,3942,Mornington Peninsula,105,2025,5236.7,0.2024,,,,,,,,,,,,,,,,,1397000.0,,1.413,
Blind Bight,3980,Casey,15,2025,5486.1,-0.1306,,,,,,,,,,,,,,,,,725500.0,,-0.9656,
Bonbeach,3196,Kingston,233,2025,5702.9,-0.4201,,,,,,,,,,,,,,,,,1057400.0,715500.0,0.2101,0.6659
Boneo,3939,Mornington Peninsula,21,2025,5236.7,0.2024,,,,,,,,,,,,,,,,,,,,
Bonnie Brook,3335,Melton,313,2025,5388.3,-0.0,,,,,,,,,,,,,,,,,660040.0,,-1.1975,
Boronia,3155,Knox,1441,2025,4872.9,0.6882,Outer Eastern Melbourne,2025-09-30,400,500,600,520,590,680,560,-0.7778,-1.0,-0.8,-0.7143,-0.6,-0.7778,-0.8,847480.0,665200.0,-0.5335,0.2117
Botanic Ridge,3977,Casey,229,2025,5486.1,-0.1306,,,,,,,,,,,,,,,,,894500.0,,-0.367,
Box Hill,3128,Whitehorse,1834,2025,5032.8,0.4747,Inner Eastern Melbourne,2025-09-30,490,610,710,540,650,808,610,1.2222,1.2,0.3,-0.4286,0.0,-0.0667,0.2,1692600.0,568140.0,2.4601,-0.6648
Box Hill North,3129,Whitehorse,402,2025,5032.8,0.4747,,,,,,,,,,,,,,,,,1356300.0,910800.0,1.2689,2.4295
Box Hill South,3128,Whitehorse,506,2025,5032.8,0.4747,,,,,,,,,,,,,,,,,1526100.0,920700.0,1.8704,2.5189
Braeside,3195,Kingston,227,2025,5702.9,-0.4201,,,,,,,,,,,,,,,,,,,,
Braybrook,3019,Maribyrnong,1277,2025,10545.5,-3.0,,,,,,,,,,,,,,,,,734600.0,621900.0,-0.9334,-0.1793
Briar Hill,3088,Banyule,71,2025,6137.2,-1.0,,,,,,,,,,,,,,,,,1003160.0,853100.0,0.0179,1.9084
Brighton,3186,Bayside,1193,2025,4053.5,1.7823,Southern Melbourne,2025-09-30,498,680,1000,760,1150,1650,825,1.4,2.6,3.0,2.7143,3.0,3.0,3.0,3501700.0,1367800.0,3.0,3.0
Brighton East,3187,Glen Eira,596,2025,3838.9,2.0689,Southern Melbourne,2025-09-30,265,630,738,690,940,1295,835,-3.0,1.6,0.58,1.7143,2.9,2.6389,3.0,2192200.0,1273500.0,3.0,3.0
Broadmeadows,3047,Hume,2857,2025,6346.4,-1.2793,North Western Melbourne,2025-09-30,325,470,520,460,506,600,515,-2.4444,-1.6,-1.6,-1.5714,-1.44,-1.2222,-1.7,599400.0,461200.0,-1.4123,-1.6305
Brookfield,3338,Melton,379,2025,5388.3,-0.0,,,,,,,,,,,,,,,,,556000.0,,-1.5661,
Brooklyn,3012,Hobsons Bay,324,2025,6402.7,-1.3545,,,,,,,,,,,,,,,,,817000.0,641760.0,-0.6415,0.0
Brunswick,3056,Merri-bek,2311,2025,6119.2,-0.976,North Western Melbourne,2025-09-30,460,600,840,660,850,1000,600,0.5556,1.0,1.6,1.2857,2.0,1.0,0.0,1285900.0,580300.0,1.0195,-0.555
Brunswick East,3057,Merri-bek,820,2025,6119.2,-0.976,,,,,,,,,,,,,,,,,1425000.0,538900.0,1.5122,-0.9288
Brunswick West,3055,Merri-bek,995,2025,6119.2,-0.976,,,,,,,,,,,,,,,,,1341000.0,474800.0,1.2147,-1.5077
Bulla,3428,Hume,118,2025,6346.4,-1.2793,,,,,,,,,,,,,,,,,,,,
Bulleen,3105,Manningham,417,2025,3100.2,3.0,Inner Eastern Melbourne,2025-09-30,480,595,720,570,660,820,670,1.0,0.9,0.4,0.0,0.1,0.0,1.4,1339600.0,767800.0,1.2097,1.1382
Bundoora,3083,Whittlesea,2294,2025,5327.2,0.0816,North Eastern Melbourne,2025-09-30,420,490,580,500,570,600,560,-0.3333,-1.2,-1.0,-1.0,-0.8,-1.2222,-0.8,879280.0,464140.0,-0.4209,-1.6039
Bunyip,3815,Cardinia,86,2025,4967.7,0.5616,,,,,,,,,,,,,,,,,731060.0,,-0.9459,
Bunyip North,3815,Cardinia,4,2025,4967.7,0.5616,,,,,,,,,,,,,,,,,,,,
Burnley,3121,Yarra,178,2025,12460.7,-3.0,Inner Melbourne,2025-09-30,510,700,1000,750,990,1315,675,1.6667,3.0,3.0,2.5714,3.0,2.75,1.5,,,,
Burnside,3023,Melton,218,2025,5388.3,-0.0,,,,,,,,,,,,,,,,,776600.0,,-0.7846,
Burnside Heights,3023,Melton,133,2025,5388.3,-0.0,,,,,,,,,,,,,,,,,765600.0,,-0.8236,
Burwood,3125,Monash,804,2025,5566.4,-0.2378,Inner Eastern Melbourne,2025-09-30,450,570,720,580,650,878,650,0.3333,0.4,0.4,0.1429,0.0,0.3222,1.0,1455180.0,808620.0,1.6191,1.5068
Burwood East,3151,Whitehorse,780,2025,5032.8,0.4747,Inner Eastern Melbourne,2025-09-30,530,578,650,540,630,750,650,2.1111,0.56,-0.3,-0.4286,-0.2,-0.3889,1.0,1301700.0,688200.0,1.0755,0.4194
Cairnlea,3023,Brimbank,385,2025,7366.8,-2.6419,,,,,,,,,,,,,,,,,898080.0,408380.0,-0.3543,-2.1075
Calder Park,3037,Brimbank,33,2025,7366.8,-2.6419,,,,,,,,,,,,,,,,,,,,
Caldermeade,3984,Cardinia,46,2025,4967.7,0.5616,,,,,,,,,,,,,,,,,,,,
Cambarville,3779,Yarra Ranges,7,2025,3669.3,2.2954,,,,,,,,,,,,,,,,,,,,
Camberwell,3124,Boroondara,1152,2025,4447.7,1.256,Inner Eastern Melbourne,2025-09-30,440,600,815,660,838,1195,650,0.1111,1.0,1.35,1.2857,1.88,2.0833,1.0,2543200.0,893500.0,3.0,2.2733
Campbellfield,3061,Hume,1253,2025,6346.4,-1.2793,,,,,,,,,,,,,,,,,624700.0,,-1.3227,
Cannons Creek,3977,Casey,34,2025,5486.1,-0.1306,,,,,,,,,,,,,,,,,,,,
Canterbury,3126,Boroondara,226,2025,4447.7,1.256,Inner Eastern Melbourne,2025-09-30,450,570,740,620,800,1100,678,0.3333,0.4,0.6,0.7143,1.5,1.5556,1.56,3551380.0,1160080.0,3.0,3.0
Cape Schanck,3939,Mornington Peninsula,17,2025,5236.7,0.2024,,,,,,,,,,,,,,,,,1640500.0,,2.2756,
Capel Sound,3940,Mornington Peninsula,267,2025,5236.7,0.2024,,,,,,,,,,,,,,,,,729100.0,648400.0,-0.9529,0.06
Cardinia,3978,Cardinia,44,2025,4967.7,0.5616,,,,,,,,,,,,,,,,,,,,
Carlton,3053,Melbourne,2673,2025,17671.9,-3.0,Inner Melbourne,2025-09-30,500,670,855,670,950,1100,620,1.4444,2.4,1.75,1.4286,3.0,1.5556,0.4,1452500.0,395300.0,1.6096,-2.2256
Carlton North,3054,Yarra,441,2025,12460.7,-3.0,Inner Melbourne,2025-09-30,430,600,778,755,950,1225,760,-0.1111,1.0,0.98,2.6429,3.0,2.25,3.0,1665700.0,774900.0,2.3649,1.2023
Carnegie,3163,Glen Eira,818,2025,3838.9,2.0689,Southern Melbourne,2025-09-30,420,595,775,600,750,1100,570,-0.3333,0.9,0.95,0.4286,1.0,1.5556,-0.6,1739500.0,635060.0,2.6263,-0.0605
Caroline Springs,3023,Melton,981,2025,5388.3,-0.0,,,,,,,,,,,,,,,,,745300.0,500500.0,-0.8955,-1.2756
Carrum,3197,Kingston,206,2025,5702.9,-0.4201,Southern Melbourne,2025-09-30,435,545,675,550,680,870,620,0.0,-0.1,-0.05,-0.2857,0.3,0.2778,0.4,1048700.0,798100.0,0.1792,1.4118
Carrum Downs,3201,Frankston,1759,2025,8866.5,-3.0,Mornington Peninsula,2025-09-30,380,470,560,490,560,660,560,-1.2222,-1.6,-1.2,-1.1429,-0.9,-0.8889,-0.8,733200.0,592000.0,-0.9384,-0.4493
Catani,3981,Cardinia,7,2025,4967.7,0.5616,,,,,,,,,,,,,,,,,,,,
Caulfield,3162,Glen Eira,292,2025,3838.9,2.0689,Southern Melbourne,2025-09-30,500,630,810,633,850,1250,650,1.4444,1.6,1.3,0.9,2.0,2.3889,1.0,2276000.0,789020.0,3.0,1.3298
Caulfield East,3145,Glen Eira,311,2025,3838.9,2.0689,,,,,,,,,,,,,,,,,1736600.0,654640.0,2.616,0.1163
Caulfield North,3161,Glen Eira,722,2025,3838.9,2.0689,,,,,,,,,,,,,,,,,2416000.0,659600.0,3.0,0.1611
Caulfield South,3162,Glen Eira,410,2025,3838.9,2.0689,,,,,,,,,,,,,,,,,1856700.0,964300.0,3.0,2.9126
Chadstone,3148,Monash,854,2025,5566.4,-0.2378,Inner Eastern Melbourne,2025-09-30,500,580,680,570,630,850,620,1.4444,0.6,0.0,0.0,-0.2,0.1667,0.4,1217000.0,794000.0,0.7754,1.3748
Chelsea,3196,Kingston,541,2025,5702.9,-0.4201,Southern Melbourne,2025-09-30,435,545,675,550,680,870,620,0.0,-0.1,-0.05,-0.2857,0.3,0.2778,0.4,1132920.0,710560.0,0.4776,0.6213
Chelsea Heights,3196,Kingston,276,2025,5702.9,-0.4201,,,,,,,,,,,,,,,,,954700.0,777400.0,-0.1537,1.2249
Cheltenham,3192,Kingston,1901,2025,5702.9,-0.4201,Southern Melbourne,2025-09-30,450,550,693,585,720,950,635,0.3333,0.0,0.13,0.2143,0.7,0.7222,0.7,1307600.0,677500.0,1.0964,0.3227
Chirnside Park,3116,Yarra Ranges,673,2025,3669.3,2.2954,,,,,,,,,,,,,,,,,896100.0,693260.0,-0.3613,0.4651
Christmas Hills,3775,Nillumbik,11,2025,2567.5,3.0,,,,,,,,,,,,,,,,,,,,
Chum Creek,3777,Yarra Ranges,11,2025,3669.3,2.2954,,,,,,,,,,,,,,,,,776400.0,,-0.7853,
Clarinda,3169,Kingston,256,2025,5702.9,-0.4201,,,,,,,,,,,,,,,,,1034300.0,768100.0,0.1282,1.1409
Clarkefield,3430,Hume,37,2025,6346.4,-1.2793,,,,,,,,,,,,,,,,,,,,
Clayton,3168,Monash,1914,2025,5566.4,-0.2378,Inner Eastern Melbourne,2025-09-30,490,590,650,550,603,800,600,1.2222,0.8,-0.3,-0.2857,-0.47,-0.1111,0.0,1200600.0,722380.0,0.7173,0.728
Clayton South,3169,Kingston,971,2025,5702.9,-0.4201,,,,,,,,,,,,,,,,,998180.0,595500.0,0.0003,-0.4177
Clematis,3782,Cardinia,15,2025,4967.7,0.5616,,,,,,,,,,,,,,,,,890100.0,,-0.3826,
Clifton Hill,3068,Yarra,575,2025,12460.7,-3.0,Inner Melbourne,2025-09-30,500,690,1050,740,998,1295,725,1.4444,2.8,3.0,2.4286,3.0,2.6389,2.5,1652380.0,777000.0,2.3177,1.2212
Clyde,3978,Casey,901,2025,5486.1,-0.1306,,,,,,,,,,,,,,,,,693400.0,,-1.0793,
Clyde North,3978,Casey,1916,2025,5486.1,-0.1306,,,,,,,,,,,,,,,,,730560.0,563900.0,-0.9477,-0.7031
Cobblebank,3338,Melton,157,2025,5388.3,-0.0,,,,,,,,,,,,,,,,,627000.0,,-1.3146,
Coburg,3058,Merri-bek,2025,2025,6119.2,-0.976,North Western Melbourne,2025-09-30,425,550,700,580,710,850,600,-0.2222,0.0,0.2,0.1429,0.6,0.1667,0.0,1179200.0,632060.0,0.6415,-0.0876
Coburg North,3058,Merri-bek,952,2025,6119.2,-0.976,North Western Melbourne,2025-09-30,280,500,628,540,620,785,550,-3.0,-1.0,-0.52,-0.4286,-0.3,-0.1944,-1.0,1067400.0,707300.0,0.2455,0.5918
Cockatoo,3781,Cardinia,146,2025,4967.7,0.5616,,,,,,,,,,,,,,,,,707500.0,,-1.0294,
Cocoroc,3030,Wyndham,8,2025,5389.9,-0.0021,,,,,,,,,,,,,,,,,,,,
Coldstream,3770,Yarra Ranges,80,2025,3669.3,2.2954,,,,,,,,,,,,,,,,,835000.0,,-0.5778,
Collingwood,3066,Yarra,2134,2025,12460.7,-3.0,Inner Melbourne,2025-09-30,520,695,1000,720,950,1200,650,1.8889,2.9,3.0,2.1429,3.0,2.1111,1.0,1238200.0,625100.0,0.8505,-0.1504
Coolaroo,3048,Hume,550,2025,6346.4,-1.2793,,,,,,,,,,,,,,,,,572340.0,,-1.5082,
Cora Lynn,3814,Cardinia,3,2025,4967.7,0.5616,,,,,,,,,,,,,,,,,,,,
Cottles Bridge,3099,Nillumbik,10,2025,2567.5,3.0,,,,,,,,,,,,,,,,,,,,
Craigieburn,3064,Hume,3283,2025,6346.4,-1.2793,North Western Melbourne,2025-09-30,,440,485,450,500,560,520,,-2.2,-1.95,-1.7143,-1.5,-1.4444,-1.6,670200.0,451260.0,-1.1615,-1.7202
Cranbourne,3977,Casey,3240,2025,5486.1,-0.1306,South Eastern Melbourne,2025-09-30,400,460,530,490,550,600,580,-0.7778,-1.8,-1.5,-1.1429,-1.0,-1.2222,-0.4,673260.0,486800.0,-1.1507,-1.3993
Cranbourne East,3977,Casey,1095,2025,5486.1,-0.1306,,,,,,,,,,,,,,,,,720000.0,527540.0,-0.9851,-1.0314
Cranbourne North,3977,Casey,1265,2025,5486.1,-0.1306,,,,,,,,,,,,,,,,,738100.0,502460.0,-0.921,-1.2579
Cranbourne South,3977,Casey,173,2025,5486.1,-0.1306,,,,,,,,,,,,,,,,,755200.0,,-0.8604,
Cranbourne West,3977,Casey,1115,2025,5486.1,-0.1306,,,,,,,,,,,,,,,,,690000.0,521040.0,-1.0914,-1.0901
Cremorne,3121,Yarra,384,2025,12460.7,-3.0,,,,,,,,,,,,,,,,,1271500.0,596200.0,0.9685,-0.4114
Crib Point,3919,Mornington Peninsula,169,2025,5236.7,0.2024,,,,,,,,,,,,,,,,,745000.0,564300.0,-0.8966,-0.6995
Croydon,3136,Maroondah,1588,2025,5643.1,-0.3402,Outer Eastern Melbourne,2025-09-30,363,500,620,525,600,730,600,-1.6,-1.0,-0.6,-0.6429,-0.5,-0.5,0.0,899460.0,694700.0,-0.3494,0.4781
Croydon Hills,3136,Maroondah,65,2025,5643.1,-0.3402,,,,,,,,,,,,,,,,,1159240.0,,0.5708,
Croydon North,3136,Maroondah,171,2025,5643.1,-0.3402,,,,,,,,,,,,,,,,,1043100.0,724860.0,0.1594,0.7504
Croydon South,3136,Maroondah,154,2025,5643.1,-0.3402,,,,,,,,,,,,,,,,,918900.0,815080.0,-0.2806,1.5651
Dallas,3047,Hume,394,2025,6346.4,-1.2793,,,,,,,,,,,,,,,,,552400.0,433500.0,-1.5788,-1.8806
Dalmore,3981,Cardinia,13,2025,4967.7,0.5616,,,,,,,,,,,,,,,,,,,,
Dandenong,3175,Greater Dandenong,7406,2025,10169.3,-3.0,South Eastern Melbourne,2025-09-30,375,450,570,490,560,750,520,-1.3333,-2.0,-1.1,-1.1429,-0.9,-0.3889,-1.6,729500.0,417660.0,-0.9515,-2.0237
Dandenong North,3175,Greater Dandenong,1235,2025,10169.3,-3.0,South Eastern Melbourne,2025-09-30,350,468,550,475,530,630,530,-1.8889,-1.64,-1.3,-1.3571,-1.2,-1.0556,-1.4,768000.0,583040.0,-0.8151,-0.5303
Dandenong South,3175,Greater Dandenong,1286,2025,10169.3,-3.0,,,,,,,,,,,,,,,,,,,,
Deanside,3336,Melton,270,2025,5388.3,-0.0,,,,,,,,,,,,,,,,,673100.0,,-1.1513,
Deepdene,3103,Boroondara,96,2025,4447.7,1.256,,,,,,,,,,,,,,,,,3361780.0,,3.0,
Deer Park,3023,Brimbank,1180,2025,7366.8,-2.6419,Outer Western Melbourne,2025-09-30,330,420,482,420,470,550,470,-2.3333,-2.6,-1.98,-2.1429,-1.8,-1.5,-2.6,668800.0,517460.0,-1.1665,-1.1224
Delahey,3037,Brimbank,249,2025,7366.8,-2.6419,,,,,,,,,,,,,,,,,662600.0,523960.0,-1.1885,-1.0638
Derrimut,3026,Brimbank,651,2025,7366.8,-2.6419,,,,,,,,,,,,,,,,,766100.0,,-0.8218,
Devon Meadows,3977,Casey,80,2025,5486.1,-0.1306,,,,,,,,,,,,,,,,,,,,
Dewhurst,3809,Cardinia,5,2025,4967.7,0.5616,,,,,,,,,,,,,,,,,,,,
Diamond Creek,3089,Nillumbik,338,2025,2567.5,3.0,,,,,,,,,,,,,,,,,1059800.0,792100.0,0.2186,1.3576
Diggers Rest,3427,Melton,337,2025,5388.3,-0.0,,,,,,,,,,,,,,,,,649000.0,,-1.2366,
Dingley Village,3172,Kingston,356,2025,5702.9,-0.4201,,,,,,,,,,,,,,,,,1116360.0,753100.0,0.4189,1.0054
Dixons Creek,3775,Yarra Ranges,16,2025,3669.3,2.2954,,,,,,,,,,,,,,,,,,,,
Docklands,3008,Melbourne,3070,2025,17671.9,-3.0,Inner Melbourne,2025-09-30,600,763,1200,,,,700,3.0,3.0,3.0,,,,2.0,,599000.0,,-0.3861
Don Valley,3139,Yarra Ranges,13,2025,3669.3,2.2954,,,,,,,,,,,,,,,,,,,,
Doncaster,3108,Manningham,1662,2025,3100.2,3.0,Inner Eastern Melbourne,2025-09-30,480,595,720,570,660,820,670,1.0,0.9,0.4,0.0,0.1,0.0,1.4,1504600.0,630480.0,1.7942,-0.1019
Doncaster East,3109,Manningham,766,2025,3100.2,3.0,Inner Eastern Melbourne,2025-09-30,470,575,695,530,680,830,700,0.7778,0.5,0.15,-0.5714,0.3,0.0556,2.0,1589000.0,855800.0,2.0932,1.9328
Donnybrook,3064,Whittlesea,461,2025,5327.2,0.0816,,,,,,,,,,,,,,,,,651240.0,,-1.2287,
Donvale,3111,Manningham,221,2025,3100.2,3.0,Inner Eastern Melbourne,2025-09-30,470,575,695,530,680,830,700,0.7778,0.5,0.15,-0.5714,0.3,0.0556,2.0,1532000.0,836500.0,1.8913,1.7585
Doreen,3754,Whittlesea,761,2025,5327.2,0.0816,,,,,,,,,,,,,,,,,761000.0,532340.0,-0.8399,-0.9881
Doveton,3177,Casey,1238,2025,5486.1,-0.1306,,,,,,,,,,,,,,,,,609960.0,549300.0,-1.3749,-0.8349
Dromana,3936,Mornington Peninsula,628,2025,5236.7,0.2024,Mornington Peninsula,2025-09-30,393,478,600,490,570,745,595,-0.9333,-1.44,-0.8,-1.1429,-0.8,-0.4167,-0.1,990000.0,799400.0,-0.0287,1.4235
Eaglemont,3084,Banyule,171,2025,6137.2,-1.0,,,,,,,,,,,,,,,,,2475100.0,1157760.0,3.0,3.0
East Melbourne,3002,Melbourne,1030,2025,17671.9,-3.0,Inner Melbourne,2025-09-30,520,690,1175,875,1100,,650,1.8889,2.8,3.0,3.0,3.0,,1.0,2860400.0,761800.0,3.0,1.084
East Warburton,3799,Yarra Ranges,32,2025,3669.3,2.2954,,,,,,,,,,,,,,,,,591500.0,,-1.4403,
Eden Park,3757,Whittlesea,20,2025,5327.2,0.0816,,,,,,,,,,,,,,,,,,,,
Edithvale,3196,Kingston,170,2025,5702.9,-0.4201,,,,,,,,,,,,,,,,,1315040.0,831000.0,1.1227,1.7089
Elsternwick,3185,Glen Eira,617,2025,3838.9,2.0689,Southern Melbourne,2025-09-30,440,600,800,718,900,1150,600,0.1111,1.0,1.2,2.1143,2.5,1.8333,0.0,2027400.0,706900.0,3.0,0.5882
Eltham,3095,Nillumbik,645,2025,2567.5,3.0,North Eastern Melbourne,2025-09-30,360,500,620,500,650,813,640,-1.6667,-1.0,-0.6,-1.0,0.0,-0.0389,0.8,1209200.0,786160.0,0.7478,1.304
Eltham North,3095,Nillumbik,79,2025,2567.5,3.0,,,,,,,,,,,,,,,,,1277400.0,,0.9894,
Elwood,3184,Port Phillip,847,2025,11004.1,-3.0,Inner Melbourne,2025-09-30,450,608,875,795,1095,1500,595,0.3333,1.16,1.95,3.0,3.0,3.0,-0.1,2187500.0,639400.0,3.0,-0.0213
Emerald,3782,Cardinia,161,2025,4967.7,0.5616,,,,,,,,,,,,,,,,,911500.0,,-0.3068,
Endeavour Hills,3802,Casey,1116,2025,5486.1,-0.1306,South Eastern Melbourne,2025-09-30,350,468,550,475,530,630,530,-1.8889,-1.64,-1.3,-1.3571,-1.2,-1.0556,-1.4,808800.0,663200.0,-0.6706,0.1936
Epping,3076,Whittlesea,3353,2025,5327.2,0.0816,North Eastern Melbourne,2025-09-30,400,450,520,480,530,600,530,-0.7778,-2.0,-1.6,-1.2857,-1.2,-1.2222,-1.4,682000.0,508500.0,-1.1197,-1.2034
Eumemmerring,3177,Casey,297,2025,5486.1,-0.1306,,,,,,,,,,,,,,,,,676300.0,587000.0,-1.1399,-0.4945
Exford,3338,Melton,26,2025,5388.3,-0.0,,,,,,,,,,,,,,,,,,,,
Eynesbury,3338,Wyndham,282,2025,5389.9,-0.0021,,,,,,,,,,,,,,,,,731200.0,,-0.9454,
Fairfield,3078,Darebin,524,2025,8504.0,-3.0,North Eastern Melbourne,2025-09-30,400,575,815,650,850,1113,550,-0.7778,0.5,1.35,1.1429,2.0,1.6278,-1.0,1683400.0,581900.0,2.4276,-0.5405
Fawkner,3060,Merri-bek,827,2025,6119.2,-0.976,North Western Melbourne,2025-09-30,385,490,600,500,551,660,530,-1.1111,-1.2,-0.8,-1.0,-0.99,-0.8889,-1.4,786600.0,568200.0,-0.7492,-0.6643
Fernshaw,3778,Yarra Ranges,,,3669.3,2.2954,,,,,,,,,,,,,,,,,,,,
Ferntree Gully,3156,Knox,1245,2025,4872.9,0.6882,Outer Eastern Melbourne,2025-09-30,,520,580,518,600,720,600,,-0.6,-1.0,-0.7429,-0.5,-0.5556,0.0,884640.0,681460.0,-0.4019,0.3585
Ferny Creek,3786,Yarra Ranges,22,2025,3669.3,2.2954,,,,,,,,,,,,,,,,,992400.0,,-0.0202,
Fieldstone,3024,Melton,,,5388.3,-0.0,,,,,,,,,,,,,,,,,,,,
Fingal,3939,Mornington Peninsula,29,2025,5236.7,0.2024,,,,,,,,,,,,,,,,,1657500.0,,2.3358,
Fitzroy,3065,Yarra,2417,2025,12460.7,-3.0,Inner Melbourne,2025-09-30,528,750,1175,848,1100,,700,2.0667,3.0,3.0,3.0,3.0,,2.0,1742760.0,795800.0,2.6378,1.391
Fitzroy North,3068,Yarra,1064,2025,12460.7,-3.0,Inner Melbourne,2025-09-30,500,690,1050,740,998,1295,725,1.4444,2.8,3.0,2.4286,3.0,2.6389,2.5,1543100.0,674900.0,1.9306,0.2993
Flemington,3031,Melbourne,1324,2025,17671.9,-3.0,Inner Melbourne,2025-09-30,470,560,850,620,760,945,570,0.7778,0.2,1.7,0.7143,1.1,0.6944,-0.6,1082160.0,410960.0,0.2978,-2.0842
Flinders,3929,Mornington Peninsula,46,2025,5236.7,0.2024,Mornington Peninsula,2025-09-30,360,470,550,498,595,750,580,-1.6667,-1.6,-1.3,-1.0286,-0.55,-0.3889,-0.4,2623200.0,,3.0,
Footscray,3011,Maribyrnong,3617,2025,10545.5,-3.0,Outer Western Melbourne,2025-09-30,450,560,698,573,640,750,525,0.3333,0.2,0.18,0.0429,-0.1,-0.3889,-1.5,946500.0,490000.0,-0.1828,-1.3704
Forest Hill,3131,Whitehorse,776,2025,5032.8,0.4747,Inner Eastern Melbourne,2025-09-30,530,578,650,540,630,750,650,2.1111,0.56,-0.3,-0.4286,-0.2,-0.3889,1.0,1206120.0,784860.0,0.7369,1.2922
Frankston,3199,Frankston,6816,2025,8866.5,-3.0,Mornington Peninsula,2025-09-30,350,475,560,490,570,670,550,-1.8889,-1.5,-1.2,-1.1429,-0.8,-0.8333,-1.0,757500.0,542500.0,-0.8523,-0.8963
Frankston North,3200,Frankston,518,2025,8866.5,-3.0,,,,,,,,,,,,,,,,,617820.0,574400.0,-1.3471,-0.6083
Frankston South,3199,Frankston,597,2025,8866.5,-3.0,,,,,,,,,,,,,,,,,1169500.0,735100.0,0.6072,0.8429
Fraser Rise,3336,Melton,574,2025,5388.3,-0.0,,,,,,,,,,,,,,,,,699100.0,,-1.0592,
Gardenvale,3185,Glen Eira,63,2025,3838.9,2.0689,,,,,,,,,,,,,,,,,1892960.0,796760.0,3.0,1.3997
Garfield,3814,Cardinia,63,2025,4967.7,0.5616,,,,,,,,,,,,,,,,,780000.0,,-0.7726,
Garfield North,3814,Cardinia,10,2025,4967.7,0.5616,,,,,,,,,,,,,,,,,,,,
Gembrook,3783,Cardinia,80,2025,4967.7,0.5616,,,,,,,,,,,,,,,,,914920.0,,-0.2947,
Gilderoy,3797,Yarra Ranges,,,3669.3,2.2954,,,,,,,,,,,,,,,,,,,,
Gladstone Park,3043,Hume,424,2025,6346.4,-1.2793,North Western Melbourne,2025-09-30,,450,553,500,530,620,530,,-2.0,-1.27,-1.0,-1.2,-1.1111,-1.4,745900.0,,-0.8934,
Gladysdale,3797,Yarra Ranges,9,2025,3669.3,2.2954,,,,,,,,,,,,,,,,,,,,
Glen Huntly,3163,Glen Eira,296,2025,3838.9,2.0689,,,,,,,,,,,,,,,,,1649100.0,622960.0,2.3061,-0.1698
Glen Iris,3146,Stonnington,975,2025,9532.0,-3.0,Inner Eastern Melbourne,2025-09-30,440,600,815,660,838,1195,650,0.1111,1.0,1.35,1.2857,1.88,2.0833,1.0,2375000.0,711500.0,3.0,0.6298
Glen Waverley,3150,Monash,2052,2025,5566.4,-0.2378,Inner Eastern Melbourne,2025-09-30,550,640,660,590,640,780,695,2.5556,1.8,-0.2,0.2857,-0.1,-0.2222,1.9,1658480.0,871860.0,2.3393,2.0778
Glenroy,3046,Merri-bek,1589,2025,6119.2,-0.976,North Western Melbourne,2025-09-30,385,490,600,500,551,660,530,-1.1111,-1.2,-0.8,-1.0,-0.99,-0.8889,-1.4,830460.0,589060.0,-0.5938,-0.4759
Gowanbrae,3043,Merri-bek,48,2025,6119.2,-0.976,,,,,,,,,,,,,,,,,1018500.0,711400.0,0.0723,0.6289
Grangefields,3335,Melton,413,2025,5388.3,-0.0,,,,,,,,,,,,,,,,,,,,
Greensborough,3088,Nillumbik,1121,2025,2567.5,3.0,North Eastern Melbourne,2025-09-30,420,490,580,500,570,600,560,-0.3333,-1.2,-1.0,-1.0,-0.8,-1.2222,-0.8,1024060.0,729160.0,0.092,0.7892
Greenvale,3059,Hume,742,2025,6346.4,-1.2793,,,,,,,,,,,,,,,,,865300.0,613600.0,-0.4704,-0.2543
Gruyere,3770,Yarra Ranges,34,2025,3669.3,2.2954,,,,,,,,,,,,,,,,,,,,
Guys Hill,3807,Cardinia,5,2025,4967.7,0.5616,,,,,,,,,,,,,,,,,,,,
HMAS Cerberus,3920,Mornington Peninsula,6,2025,5236.7,0.2024,,,,,,,,,,,,,,,,,,,,
Hadfield,3046,Merri-bek,459,2025,6119.2,-0.976,,,,,,,,,,,,,,,,,851300.0,601560.0,-0.52,-0.363
Hallam,3803,Casey,1220,2025,5486.1,-0.1306,,,,,,,,,,,,,,,,,753000.0,551700.0,-0.8682,-0.8133
Hampton,3188,Bayside,636,2025,4053.5,1.7823,Southern Melbourne,2025-09-30,480,650,900,650,895,1295,750,1.0,2.0,2.2,1.1429,2.45,2.6389,3.0,2392000.0,934100.0,3.0,2.6399
Hampton East,3188,Bayside,342,2025,4053.5,1.7823,,,,,,,,,,,,,,,,,1471400.0,1000660.0,1.6766,3.0
Hampton Park,3976,Casey,1272,2025,5486.1,-0.1306,South Eastern Melbourne,2025-09-30,323,470,545,475,550,640,560,-2.4889,-1.6,-1.35,-1.3571,-1.0,-1.0,-0.8,670600.0,565680.0,-1.1601,-0.687
Harkaway,3806,Casey,20,2025,5486.1,-0.1306,,,,,,,,,,,,,,,,,,,,
Harkness,3337,Melton,444,2025,5388.3,-0.0,,,,,,,,,,,,,,,,,566100.0,409260.0,-1.5303,-2.0995
Hastings,3915,Mornington Peninsula,1296,2025,5236.7,0.2024,Mornington Peninsula,2025-09-30,360,470,550,498,595,750,580,-1.6667,-1.6,-1.3,-1.0286,-0.55,-0.3889,-0.4,684500.0,546000.0,-1.1109,-0.8647
Hawthorn,3122,Boroondara,1593,2025,4447.7,1.256,Inner Eastern Melbourne,2025-09-30,450,600,850,710,950,1500,550,0.3333,1.0,1.7,2.0,3.0,3.0,-1.0,2937500.0,572900.0,3.0,-0.6218
Hawthorn East,3123,Boroondara,867,2025,4447.7,1.256,,,,,,,,,,,,,,,,,2712300.0,614560.0,3.0,-0.2456
Healesville,3777,Yarra Ranges,325,2025,3669.3,2.2954,,,,,,,,,,,,,,,,,782300.0,613000.0,-0.7644,-0.2597
Heath Hill,3981,Cardinia,3,2025,4967.7,0.5616,,,,,,,,,,,,,,,,,,,,
Heatherton,3202,Kingston,166,2025,5702.9,-0.4201,,,,,,,,,,,,,,,,,1140000.0,,0.5027,
Heathmont,3135,Maroondah,295,2025,5643.1,-0.3402,,,,,,,,,,,,,,,,,1061100.0,809300.0,0.2232,1.5129
Heidelberg,3084,Banyule,1675,2025,6137.2,-1.0,North Eastern Melbourne,2025-09-30,450,530,650,510,600,795,565,0.3333,-0.4,-0.3,-0.8571,-0.5,-0.1389,-0.7,1279300.0,640700.0,0.9961,-0.0096
Heidelberg Heights,3081,Banyule,658,2025,6137.2,-1.0,,,,,,,,,,,,,,,,,945200.0,728000.0,-0.1874,0.7788
Heidelberg West,3081,Banyule,999,2025,6137.2,-1.0,North Eastern Melbourne,2025-09-30,450,530,650,510,600,795,565,0.3333,-0.4,-0.3,-0.8571,-0.5,-0.1389,-0.7,790000.0,647000.0,-0.7372,0.0473
Highett,3190,Kingston,835,2025,5702.9,-0.4201,,,,,,,,,,,,,,,,,1507200.0,664720.0,1.8034,0.2073
Hillside,3037,Melton,393,2025,5388.3,-0.0,,,,,,,,,,,,,,,,,,,,
Hoddles Creek,3139,Yarra Ranges,23,2025,3669.3,2.2954,,,,,,,,,,,,,,,,,,,,
Hoppers Crossing,3029,Wyndham,3095,2025,5389.9,-0.0021,Outer Western Melbourne,2025-09-30,350,405,450,420,460,525,490,-1.8889,-2.9,-2.3,-2.1429,-1.9,-1.6389,-2.2,628200.0,445200.0,-1.3103,-1.775
Hughesdale,3166,Monash,380,2025,5566.4,-0.2378,Southern Melbourne,2025-09-30,405,570,750,590,730,1050,580,-0.6667,0.4,0.7,0.2857,0.8,1.2778,-0.4,1395200.0,671200.0,1.4067,0.2658
Humevale,3757,Whittlesea,8,2025,5327.2,0.0816,,,,,,,,,,,,,,,,,,,,
Huntingdale,3166,Monash,146,2025,5566.4,-0.2378,,,,,,,,,,,,,,,,,1229500.0,650000.0,0.8197,0.0744
Hurstbridge,3099,Nillumbik,74,2025,2567.5,3.0,North Eastern Melbourne,2025-09-30,420,490,580,500,570,600,560,-0.3333,-1.2,-1.0,-1.0,-0.8,-1.2222,-0.8,953040.0,,-0.1596,
Iona,3815,Cardinia,5,2025,4967.7,0.5616,,,,,,,,,,,,,,,,,,,,
Ivanhoe,3079,Banyule,1098,2025,6137.2,-1.0,North Eastern Melbourne,2025-09-30,490,600,750,600,750,1000,600,1.2222,1.0,0.7,0.4286,1.0,1.0,0.0,1938500.0,708400.0,3.0,0.6018
Ivanhoe East,3079,Banyule,156,2025,6137.2,-1.0,North Eastern Melbourne,2025-09-30,490,600,750,600,750,1000,600,1.2222,1.0,0.7,0.4286,1.0,1.0,0.0,2497000.0,1069260.0,3.0,3.0
Jacana,3047,Hume,156,2025,6346.4,-1.2793,,,,,,,,,,,,,,,,,608700.0,511040.0,-1.3794,-1.1804
Junction Village,3977,Casey,62,2025,5486.1,-0.1306,,,,,,,,,,,,,,,,,692000.0,,-1.0843,
Kalkallo,3064,Hume,450,2025,6346.4,-1.2793,,,,,,,,,,,,,,,,,637400.0,,-1.2777,
Kallista,3791,Yarra Ranges,22,2025,3669.3,2.2954,,,,,,,,,,,,,,,,,858500.0,,-0.4945,
Kalorama,3766,Yarra Ranges,24,2025,3669.3,2.2954,,,,,,,,,,,,,,,,,936860.0,,-0.2169,
Kangaroo Ground,3097,Nillumbik,31,2025,2567.5,3.0,,,,,,,,,,,,,,,,,,,,
Kealba,3021,Brimbank,210,2025,7366.8,-2.6419,,,,,,,,,,,,,,,,,708660.0,,-1.0253,
Keilor,3036,Brimbank,197,2025,7366.8,-2.6419,North Western Melbourne,2025-09-30,,,,,630,730,650,,,,,-0.2,-0.5,1.0,1134900.0,740560.0,0.4846,0.8922
Keilor Downs,3038,Brimbank,490,2025,7366.8,-2.6419,,,,,,,,,,,,,,,,,811560.0,597700.0,-0.6608,-0.3979
Keilor East,3033,Brimbank,561,2025,7366.8,-2.6419,Outer Western Melbourne,2025-09-30,450,520,623,520,580,768,550,0.3333,-0.6,-0.57,-0.7143,-0.7,-0.2889,-1.0,1020500.0,720360.0,0.0793,0.7098
Keilor Lodge,3038,Brimbank,23,2025,7366.8,-2.6419,,,,,,,,,,,,,,,,,965160.0,,-0.1167,
Keilor North,3036,Brimbank,22,2025,7366.8,-2.6419,,,,,,,,,,,,,,,,,,,,
Keilor Park,3042,Brimbank,216,2025,7366.8,-2.6419,,,,,,,,,,,,,,,,,820960.0,,-0.6275,
Kensington,3031,Melbourne,1097,2025,17671.9,-3.0,Inner Melbourne,2025-09-30,470,560,850,620,760,945,570,0.7778,0.2,1.7,0.7143,1.1,0.6944,-0.6,1086360.0,520700.0,0.3126,-1.0932
Kew,3101,Boroondara,1335,2025,4447.7,1.256,Inner Eastern Melbourne,2025-09-30,470,575,850,663,850,1300,690,0.7778,0.5,1.7,1.3286,2.0,2.6667,1.8,2824700.0,845520.0,3.0,1.84
Kew East,3102,Boroondara,285,2025,4447.7,1.256,,,,,,,,,,,,,,,,,,975800.0,,3.0
Keysborough,3173,Greater Dandenong,1443,2025,10169.3,-3.0,,,,,,,,,,,,,,,,,944040.0,708560.0,-0.1915,0.6032
Kilsyth,3137,Yarra Ranges,513,2025,3669.3,2.2954,,,,,,,,,,,,,,,,,816300.0,709960.0,-0.644,0.6159
Kilsyth South,3137,Maroondah,74,2025,5643.1,-0.3402,,,,,,,,,,,,,,,,,1142060.0,,0.51,
Kinglake,3763,Nillumbik,51,2025,2567.5,3.0,,,,,,,,,,,,,,,,,733200.0,,-0.9384,
Kinglake West,3778,Whittlesea,20,2025,5327.2,0.0816,,,,,,,,,,,,,,,,,,,,
Kings Park,3021,Brimbank,313,2025,7366.8,-2.6419,,,,,,,,,,,,,,,,,621700.0,,-1.3333,
Kingsbury,3083,Darebin,370,2025,8504.0,-3.0,,,,,,,,,,,,,,,,,842020.0,492800.0,-0.5529,-1.3451
Kingsville,3012,Maribyrnong,188,2025,10545.5,-3.0,,,,,,,,,,,,,,,,,1192000.0,451600.0,0.6869,-1.7172
Knoxfield,3180,Knox,327,2025,4872.9,0.6882,,,,,,,,,,,,,,,,,1006700.0,792060.0,0.0305,1.3572
Koo Wee Rup,3981,Cardinia,210,2025,4967.7,0.5616,,,,,,,,,,,,,,,,,683300.0,504260.0,-1.1151,-1.2416
Koo Wee Rup North,3891,Cardinia,1,2025,4967.7,0.5616,,,,,,,,,,,,,,,,,,,,
Kooyong,3144,Stonnington,76,2025,9532.0,-3.0,,,,,,,,,,,,,,,,,,968700.0,,2.9523
Kurunjang,3337,Melton,468,2025,5388.3,-0.0,,,,,,,,,,,,,,,,,535600.0,404800.0,-1.6383,-2.1398
Lalor,3075,Whittlesea,1174,2025,5327.2,0.0816,North Eastern Melbourne,2025-09-30,375,450,501,470,510,590,500,-1.3333,-2.0,-1.79,-1.4286,-1.4,-1.2778,-2.0,707860.0,536800.0,-1.0281,-0.9478
Lang Lang,3984,Cardinia,130,2025,4967.7,0.5616,,,,,,,,,,,,,,,,,708500.0,,-1.0259,
Lang Lang East,3894,Cardinia,,,4967.7,0.5616,,,,,,,,,,,,,,,,,,,,
Langwarrin,3910,Frankston,806,2025,8866.5,-3.0,,,,,,,,,,,,,,,,,859300.0,602220.0,-0.4917,-0.3571
Langwarrin South,3911,Frankston,39,2025,8866.5,-3.0,,,,,,,,,,,,,,,,,,,,
Launching Place,3139,Yarra Ranges,67,2025,3669.3,2.2954,,,,,,,,,,,,,,,,,703520.0,,-1.0435,
Laverton,3028,Wyndham,646,2025,5389.9,-0.0021,,,,,,,,,,,,,,,,,592100.0,546900.0,-1.4382,-0.8566
Laverton North,3026,Wyndham,645,2025,5389.9,-0.0021,,,,,,,,,,,,,,,,,,,,
Lilydale,3140,Yarra Ranges,1192,2025,3669.3,2.2954,Outer Eastern Melbourne,2025-09-30,363,500,620,525,600,730,600,-1.6,-1.0,-0.6,-0.6429,-0.5,-0.5,0.0,888900.0,612000.0,-0.3868,-0.2687
Little River,3211,Wyndham,201,2025,5389.9,-0.0021,,,,,,,,,,,,,,,,,,,,
Longwarry,3816,Cardinia,162,2025,4967.7,0.5616,,,,,,,,,,,,,,,,,585920.0,467500.0,-1.4601,-1.5736
Lower Plenty,3093,Banyule,99,2025,6137.2,-1.0,,,,,,,,,,,,,,,,,1372500.0,720500.0,1.3262,0.711
Lynbrook,3975,Casey,552,2025,5486.1,-0.1306,,,,,,,,,,,,,,,,,806200.0,,-0.6798,
Lyndhurst,3975,Greater Dandenong,385,2025,10169.3,-3.0,,,,,,,,,,,,,,,,,926160.0,,-0.2548,
Lysterfield,3156,Yarra Ranges,131,2025,3669.3,2.2954,,,,,,,,,,,,,,,,,1365000.0,,1.2997,
Lysterfield South,3156,Casey,29,2025,5486.1,-0.1306,,,,,,,,,,,,,,,,,,,,
Macclesfield,3782,Yarra Ranges,13,2025,3669.3,2.2954,,,,,,,,,,,,,,,,,,,,
Macleod,3085,Darebin,308,2025,8504.0,-3.0,,,,,,,,,,,,,,,,,1136200.0,757300.0,0.4892,1.0433
Maidstone,3012,Maribyrnong,797,2025,10545.5,-3.0,,,,,,,,,,,,,,,,,861800.0,640700.0,-0.4828,-0.0096
Main Ridge,3928,Mornington Peninsula,13,2025,5236.7,0.2024,,,,,,,,,,,,,,,,,,,,
Malvern East,3145,Stonnington,2291,2025,9532.0,-3.0,Southern Melbourne,2025-09-30,480,600,800,650,750,1150,610,1.0,1.0,1.2,1.1429,1.0,1.8333,0.2,2140020.0,566700.0,3.0,-0.6778
Mambourin,3024,Wyndham,295,2025,5389.9,-0.0021,,,,,,,,,,,,,,,,,619200.0,,-1.3422,
Manor Lakes,3024,Wyndham,699,2025,5389.9,-0.0021,,,,,,,,,,,,,,,,,645400.0,,-1.2494,
Maribyrnong,3032,Maribyrnong,1893,2025,10545.5,-3.0,,,,,,,,,,,,,,,,,1220200.0,483300.0,0.7868,-1.4309
Maryknoll,3812,Cardinia,9,2025,4967.7,0.5616,,,,,,,,,,,,,,,,,,,,
Matlock,3723,Yarra Ranges,1,2025,3669.3,2.2954,,,,,,,,,,,,,,,,,,,,
McCrae,3938,Mornington Peninsula,171,2025,5236.7,0.2024,,,,,,,,,,,,,,,,,1316000.0,854000.0,1.1261,1.9166
McKinnon,3204,Glen Eira,186,2025,3838.9,2.0689,,,,,,,,,,,,,,,,,1825000.0,825300.0,2.9292,1.6574
McMahons Creek,3799,Yarra Ranges,15,2025,3669.3,2.2954,,,,,,,,,,,,,,,,,,,,
Meadow Heights,3048,Hume,706,2025,6346.4,-1.2793,,,,,,,,,,,,,,,,,622800.0,495100.0,-1.3294,-1.3244
Melbourne,3004,Port Phillip,18456,2025,11004.1,-3.0,,,,,,,,,,,,,,,,,,560400.0,,-0.7347
Melbourne Airport,3045,Hume,1047,2025,6346.4,-1.2793,,,,,,,,,,,,,,,,,,,,
Melton,3337,Melton,1603,2025,5388.3,-0.0,Outer Western Melbourne,2025-09-30,350,365,400,375,420,470,450,-1.8889,-3.0,-2.8,-2.7857,-2.3,-1.9444,-3.0,484960.0,381300.0,-1.8177,-2.352
Melton South,3338,Melton,1035,2025,5388.3,-0.0,,,,,,,,,,,,,,,,,528900.0,389500.0,-1.6621,-2.2779
Melton West,3337,Melton,908,2025,5388.3,-0.0,,,,,,,,,,,,,,,,,539500.0,433400.0,-1.6245,-1.8815
Mentone,3194,Kingston,738,2025,5702.9,-0.4201,Southern Melbourne,2025-09-30,405,550,720,600,750,910,580,-0.6667,0.0,0.4,0.4286,1.0,0.5,-0.4,1340400.0,638200.0,1.2125,-0.0321
Menzies Creek,3159,Cardinia,15,2025,4967.7,0.5616,,,,,,,,,,,,,,,,,,,,
Mernda,3754,Whittlesea,1142,2025,5327.2,0.0816,,,,,,,,,,,,,,,,,713000.0,494100.0,-1.0099,-1.3334
Merricks,3916,Mornington Peninsula,2,2025,5236.7,0.2024,,,,,,,,,,,,,,,,,,,,
Merricks Beach,3926,Mornington Peninsula,5,2025,5236.7,0.2024,,,,,,,,,,,,,,,,,,,,
Merricks North,3926,Mornington Peninsula,28,2025,5236.7,0.2024,,,,,,,,,,,,,,,,,,,,
Mickleham,3064,Hume,1001,2025,6346.4,-1.2793,,,,,,,,,,,,,,,,,678480.0,593800.0,-1.1322,-0.4331
Middle Park,3206,Port Phillip,260,2025,11004.1,-3.0,Inner Melbourne,2025-09-30,450,643,825,760,1150,1400,698,0.3333,1.86,1.45,2.7143,3.0,3.0,1.96,2719300.0,1070260.0,3.0,3.0
Mill Park,3082,Whittlesea,1328,2025,5327.2,0.0816,North Eastern Melbourne,2025-09-30,400,450,520,480,530,600,530,-0.7778,-2.0,-1.6,-1.2857,-1.2,-1.2222,-1.4,797200.0,527520.0,-0.7117,-1.0316
Millgrove,3799,Yarra Ranges,57,2025,3669.3,2.2954,,,,,,,,,,,,,,,,,603260.0,,-1.3987,
Mitcham,3132,Whitehorse,795,2025,5032.8,0.4747,Inner Eastern Melbourne,2025-09-30,435,520,650,525,625,745,580,0.0,-0.6,-0.3,-0.6429,-0.25,-0.4167,-0.4,1193600.0,838300.0,0.6925,1.7748
Modella,3816,Cardinia,7,2025,4967.7,0.5616,,,,,,,,,,,,,,,,,,,,
Monbulk,3793,Yarra Ranges,110,2025,3669.3,2.2954,,,,,,,,,,,,,,,,,806600.0,,-0.6784,
Monomeith,3984,Cardinia,7,2025,4967.7,0.5616,,,,,,,,,,,,,,,,,,,,
Mont Albert,3127,Whitehorse,361,2025,5032.8,0.4747,Inner Eastern Melbourne,2025-09-30,450,570,740,620,800,1100,678,0.3333,0.4,0.6,0.7143,1.5,1.5556,1.56,2698000.0,813800.0,3.0,1.5535
Mont Albert North,3129,Whitehorse,144,2025,5032.8,0.4747,,,,,,,,,,,,,,,,,1624380.0,1202720.0,2.2185,3.0
Montmorency,3094,Banyule,126,2025,6137.2,-1.0,North Eastern Melbourne,2025-09-30,360,500,620,500,650,813,640,-1.6667,-1.0,-0.6,-1.0,0.0,-0.0389,0.8,1158800.0,855160.0,0.5693,1.927
Montrose,3765,Yarra Ranges,183,2025,3669.3,2.2954,,,,,,,,,,,,,,,,,925800.0,,-0.2561,
Moorabbin,3189,Kingston,1216,2025,5702.9,-0.4201,,,,,,,,,,,,,,,,,1259100.0,738000.0,0.9245,0.8691
Moorabbin Airport,3194,Kingston,209,2025,5702.9,-0.4201,,,,,,,,,,,,,,,,,,,,
Moorooduc,3933,Mornington Peninsula,73,2025,5236.7,0.2024,,,,,,,,,,,,,,,,,,,,
Mooroolbark,3138,Yarra Ranges,802,2025,3669.3,2.2954,,,,,,,,,,,,,,,,,863860.0,693700.0,-0.4755,0.469
Mordialloc,3195,Kingston,562,2025,5702.9,-0.4201,Southern Melbourne,2025-09-30,405,550,720,600,750,910,580,-0.6667,0.0,0.4,0.4286,1.0,0.5,-0.4,1372000.0,710600.0,1.3245,0.6216
Mornington,3931,Mornington Peninsula,1580,2025,5236.7,0.2024,Mornington Peninsula,2025-09-30,,535,650,533,675,895,695,,-0.3,-0.3,-0.5286,0.25,0.4167,1.9,1041500.0,773760.0,0.1537,1.192
Mount Burnett,3781,Cardinia,5,2025,4967.7,0.5616,,,,,,,,,,,,,,,,,,,,
Mount Cottrell,3024,Wyndham,132,2025,5389.9,-0.0021,,,,,,,,,,,,,,,,,593900.0,,-1.4318,
Mount Dandenong,3767,Yarra Ranges,44,2025,3669.3,2.2954,,,,,,,,,,,,,,,,,955000.0,,-0.1527,
Mount Eliza,3930,Mornington Peninsula,459,2025,5236.7,0.2024,,,,,,,,,,,,,,,,,1616500.0,848360.0,2.1906,1.8656
Mount Evelyn,3796,Yarra Ranges,228,2025,3669.3,2.2954,,,,,,,,,,,,,,,,,831000.0,759760.0,-0.5919,1.0656
Mount Martha,3934,Mornington Peninsula,338,2025,5236.7,0.2024,,,,,,,,,,,,,,,,,1734500.0,775700.0,2.6086,1.2095
Mount Toolebewong,3777,Yarra Ranges,2,2025,3669.3,2.2954,,,,,,,,,,,,,,,,,,,,
Mount Waverley,3149,Monash,1548,2025,5566.4,-0.2378,Inner Eastern Melbourne,2025-09-30,280,540,700,570,660,800,695,-3.0,-0.2,0.2,0.0,0.1,-0.1111,1.9,1601180.0,1067700.0,2.1363,3.0
Mulgrave,3170,Monash,1274,2025,5566.4,-0.2378,Inner Eastern Melbourne,2025-09-30,550,640,660,590,640,780,695,2.5556,1.8,-0.2,0.2857,-0.1,-0.2222,1.9,1090360.0,834100.0,0.3268,1.7369
Murrumbeena,3163,Glen Eira,418,2025,3838.9,2.0689,Southern Melbourne,2025-09-30,405,570,750,590,730,1050,580,-0.6667,0.4,0.7,0.2857,0.8,1.2778,-0.4,1710300.0,601600.0,2.5228,-0.3627
Nangana,3781,Cardinia,3,2025,4967.7,0.5616,,,,,,,,,,,,,,,,,,,,
Nar Nar Goon,3812,Cardinia,64,2025,4967.7,0.5616,,,,,,,,,,,,,,,,,,,,
Nar Nar Goon North,3812,Cardinia,35,2025,4967.7,0.5616,,,,,,,,,,,,,,,,,733600.0,,-0.9369,
Narre Warren,3805,Casey,2771,2025,5486.1,-0.1306,South Eastern Melbourne,2025-09-30,323,470,545,475,550,640,560,-2.4889,-1.6,-1.35,-1.3571,-1.0,-1.0,-0.8,761100.0,578100.0,-0.8395,-0.5749
Narre Warren East,3804,Yarra Ranges,13,2025,3669.3,2.2954,,,,,,,,,,,,,,,,,,,,
Narre Warren North,3804,Casey,252,2025,5486.1,-0.1306,,,,,,,,,,,,,,,,,1634500.0,,2.2543,
Narre Warren South,3805,Casey,908,2025,5486.1,-0.1306,,,,,,,,,,,,,,,,,817260.0,640480.0,-0.6406,-0.0116
Newport,3015,Hobsons Bay,735,2025,6402.7,-1.3545,Outer Western Melbourne,2025-09-30,455,575,725,580,700,925,620,0.4444,0.5,0.45,0.1429,0.5,0.5833,0.4,1307500.0,779920.0,1.096,1.2476
Noble Park,3174,Greater Dandenong,2095,2025,10169.3,-3.0,South Eastern Melbourne,2025-09-30,370,495,580,480,550,630,520,-1.4444,-1.1,-1.0,-1.2857,-1.0,-1.0556,-1.6,781100.0,552000.0,-0.7687,-0.8105
Noble Park North,3174,Greater Dandenong,562,2025,10169.3,-3.0,,,,,,,,,,,,,,,,,781800.0,601400.0,-0.7662,-0.3645
North Melbourne,3051,Melbourne,1908,2025,17671.9,-3.0,Inner Melbourne,2025-09-30,525,660,882,650,853,1080,600,2.0,2.2,2.02,1.1429,2.03,1.4444,0.0,1359500.0,504600.0,1.2802,-1.2386
North Warrandyte,3113,Nillumbik,36,2025,2567.5,3.0,,,,,,,,,,,,,,,,,,,,
Northcote,3070,Darebin,1560,2025,8504.0,-3.0,North Eastern Melbourne,2025-09-30,420,600,850,700,850,1250,640,-0.3333,1.0,1.7,1.8571,2.0,2.3889,0.8,1624900.0,638080.0,2.2203,-0.0332
Notting Hill,3168,Monash,222,2025,5566.4,-0.2378,,,,,,,,,,,,,,,,,1189040.0,415860.0,0.6764,-2.0399
Nunawading,3131,Whitehorse,639,2025,5032.8,0.4747,Inner Eastern Melbourne,2025-09-30,435,520,650,525,625,745,580,0.0,-0.6,-0.3,-0.6429,-0.25,-0.4167,-0.4,1167000.0,792400.0,0.5983,1.3603
Nutfield,3099,Nillumbik,5,2025,2567.5,3.0,,,,,,,,,,,,,,,,,,,,
Nyora,3987,Cardinia,68,2025,4967.7,0.5616,,,,,,,,,,,,,,,,,,,,
Oak Park,3046,Merri-bek,232,2025,6119.2,-0.976,North Western Melbourne,2025-09-30,385,490,600,500,551,660,530,-1.1111,-1.2,-0.8,-1.0,-0.99,-0.8889,-1.4,1132700.0,665960.0,0.4768,0.2185
Oaklands Junction,3063,Hume,33,2025,6346.4,-1.2793,,,,,,,,,,,,,,,,,,,,
Oakleigh,3166,Monash,1480,2025,5566.4,-0.2378,Inner Eastern Melbourne,2025-09-30,500,580,680,570,630,850,620,1.4444,0.6,0.0,0.0,-0.2,0.1667,0.4,1302800.0,560400.0,1.0793,-0.7347
Oakleigh East,3166,Monash,249,2025,5566.4,-0.2378,,,,,,,,,,,,,,,,,1159200.0,815200.0,0.5707,1.5662
Oakleigh South,3167,Monash,535,2025,5566.4,-0.2378,,,,,,,,,,,,,,,,,1196260.0,789500.0,0.7019,1.3341
Officer South,3809,Cardinia,25,2025,4967.7,0.5616,,,,,,,,,,,,,,,,,810500.0,,-0.6645,
Olinda,3788,Yarra Ranges,73,2025,3669.3,2.2954,,,,,,,,,,,,,,,,,952500.0,,-0.1615,
Ormond,3204,Glen Eira,242,2025,3838.9,2.0689,,,,,,,,,,,,,,,,,1782700.0,600960.0,2.7793,-0.3684
Pakenham South,3810,Cardinia,13,2025,4967.7,0.5616,,,,,,,,,,,,,,,,,,,,
Pakenham Upper,3810,Cardinia,26,2025,4967.7,0.5616,,,,,,,,,,,,,,,,,,,,
Panton Hill,3759,Nillumbik,14,2025,2567.5,3.0,,,,,,,,,,,,,,,,,,,,
Park Orchards,3114,Maroondah,64,2025,5643.1,-0.3402,,,,,,,,,,,,,,,,,2080300.0,,3.0,
Parkdale,3195,Kingston,372,2025,5702.9,-0.4201,Southern Melbourne,2025-09-30,405,550,720,600,750,910,580,-0.6667,0.0,0.4,0.4286,1.0,0.5,-0.4,1508580.0,788160.0,1.8083,1.322
Parkville,3052,Melbourne,985,2025,17671.9,-3.0,Inner Melbourne,2025-09-30,500,670,855,670,950,1100,620,1.4444,2.4,1.75,1.4286,3.0,1.5556,0.4,1835600.0,539500.0,2.9667,-0.9234
Parwan,3340,Melton,51,2025,5388.3,-0.0,,,,,,,,,,,,,,,,,,,,
Pascoe Vale,3044,Merri-bek,848,2025,6119.2,-0.976,North Western Melbourne,2025-09-30,280,500,628,540,620,785,550,-3.0,-1.0,-0.52,-0.4286,-0.3,-0.1944,-1.0,1109000.0,643700.0,0.3928,0.0175
Pascoe Vale South,3044,Merri-bek,468,2025,6119.2,-0.976,North Western Melbourne,2025-09-30,425,550,700,580,710,850,600,-0.2222,0.0,0.2,0.1429,0.6,0.1667,0.0,1197000.0,681300.0,0.7046,0.3571
Patterson Lakes,3197,Kingston,332,2025,5702.9,-0.4201,,,,,,,,,,,,,,,,,1288400.0,668000.0,1.0283,0.237
Pearcedale,3912,Mornington Peninsula,116,2025,5236.7,0.2024,,,,,,,,,,,,,,,,,892500.0,741875.0,-0.3741,0.9041
Plenty,3090,Nillumbik,111,2025,2567.5,3.0,,,,,,,,,,,,,,,,,,,,
Plumpton,3335,Melton,8,2025,5388.3,-0.0,,,,,,,,,,,,,,,,,,,,
Point Cook,3030,Wyndham,2432,2025,5389.9,-0.0021,,,,,,,,,,,,,,,,,787300.0,551160.0,-0.7467,-0.8181
Point Leo,3916,Mornington Peninsula,7,2025,5236.7,0.2024,,,,,,,,,,,,,,,,,,,,
Port Melbourne,3207,Port Phillip,2403,2025,11004.1,-3.0,Inner Melbourne,2025-09-30,550,745,1175,740,980,1125,795,2.5556,3.0,3.0,2.4286,3.0,1.6944,3.0,1576000.0,745520.0,2.0471,0.937
Portsea,3944,Mornington Peninsula,30,2025,5236.7,0.2024,Mornington Peninsula,2025-09-30,393,478,600,490,570,745,595,-0.9333,-1.44,-0.8,-1.1429,-0.8,-0.4167,-0.1,3406000.0,,3.0,
Powelltown,3797,Yarra Ranges,5,2025,3669.3,2.2954,,,,,,,,,,,,,,,,,,,,
Preston,3072,Darebin,5014,2025,8504.0,-3.0,North Eastern Melbourne,2025-09-30,440,550,695,588,675,925,560,0.1111,0.0,0.15,0.2571,0.25,0.5833,-0.8,1185460.0,605160.0,0.6637,-0.3305
Princes Hill,3054,Yarra,236,2025,12460.7,-3.0,,,,,,,,,,,,,,,,,1680000.0,,2.4155,
Quandong,3340,Wyndham,17,2025,5389.9,-0.0021,,,,,,,,,,,,,,,,,,,,
Ravenhall,3023,Melton,553,2025,5388.3,-0.0,,,,,,,,,,,,,,,,,,,,
Red Hill,3937,Mornington Peninsula,18,2025,5236.7,0.2024,,,,,,,,,,,,,,,,,1742500.0,,2.6369,
Red Hill South,3937,Mornington Peninsula,6,2025,5236.7,0.2024,,,,,,,,,,,,,,,,,,,,
Reefton,3799,Yarra Ranges,11,2025,3669.3,2.2954,,,,,,,,,,,,,,,,,,,,
Research,3095,Nillumbik,55,2025,2567.5,3.0,North Eastern Melbourne,2025-09-30,360,500,620,500,650,813,640,-1.6667,-1.0,-0.6,-1.0,0.0,-0.0389,0.8,1500600.0,,1.78,
Reservoir,3073,Darebin,4144,2025,8504.0,-3.0,North Eastern Melbourne,2025-09-30,400,500,620,500,560,700,530,-0.7778,-1.0,-0.6,-1.0,-0.9,-0.6667,-1.4,912200.0,641000.0,-0.3043,-0.0069
Richmond,3121,Yarra,3863,2025,12460.7,-3.0,Inner Melbourne,2025-09-30,510,700,1000,750,990,1315,675,1.6667,3.0,3.0,2.5714,3.0,2.75,1.5,1400500.0,565160.0,1.4254,-0.6917
Ringwood,3134,Maroondah,2937,2025,5643.1,-0.3402,Outer Eastern Melbourne,2025-09-30,440,520,620,520,600,710,560,0.1111,-0.6,-0.6,-0.7143,-0.5,-0.6111,-0.8,1037600.0,620280.0,0.1399,-0.194
Ringwood East,3135,Maroondah,489,2025,5643.1,-0.3402,,,,,,,,,,,,,,,,,1032500.0,724200.0,0.1219,0.7444
Ringwood North,3134,Maroondah,223,2025,5643.1,-0.3402,,,,,,,,,,,,,,,,,1201460.0,867000.0,0.7204,2.034
Ripponlea,3185,Port Phillip,98,2025,11004.1,-3.0,,,,,,,,,,,,,,,,,1838000.0,532760.0,2.9752,-0.9843
Rockbank,3335,Melton,559,2025,5388.3,-0.0,,,,,,,,,,,,,,,,,614020.0,542800.0,-1.3605,-0.8936
Rosanna,3084,Banyule,291,2025,6137.2,-1.0,,,,,,,,,,,,,,,,,1387600.0,906600.0,1.3797,2.3915
Rosebud,3939,Mornington Peninsula,1373,2025,5236.7,0.2024,,,,,,,,,,,,,,,,,736360.0,689300.0,-0.9272,0.4293
Rowville,3178,Knox,1195,2025,4872.9,0.6882,Outer Eastern Melbourne,2025-09-30,,530,628,550,600,725,650,,-0.4,-0.52,-0.2857,-0.5,-0.5278,1.0,1078020.0,700700.0,0.2831,0.5322
Roxburgh Park,3064,Hume,950,2025,6346.4,-1.2793,North Western Melbourne,2025-09-30,325,470,520,460,506,600,515,-2.4444,-1.6,-1.6,-1.5714,-1.44,-1.2222,-1.7,670400.0,495000.0,-1.1608,-1.3253
Rye,3941,Mornington Peninsula,431,2025,5236.7,0.2024,,,,,,,,,,,,,,,,,964500.0,702360.0,-0.119,0.5472
Rythdale,3810,Cardinia,5,2025,4967.7,0.5616,,,,,,,,,,,,,,,,,,,,
Safety Beach,3936,Mornington Peninsula,280,2025,5236.7,0.2024,,,,,,,,,,,,,,,,,1152500.0,898500.0,0.5469,2.3184
Sandhurst,3977,Frankston,118,2025,8866.5,-3.0,,,,,,,,,,,,,,,,,1035760.0,,0.1334,
Sandringham,3191,Bayside,455,2025,4053.5,1.7823,,,,,,,,,,,,,,,,,2105500.0,745860.0,3.0,0.94
Sassafras,3787,Yarra Ranges,26,2025,3669.3,2.2954,,,,,,,,,,,,,,,,,931500.0,,-0.2359,
Scoresby,3179,Knox,359,2025,4872.9,0.6882,Outer Eastern Melbourne,2025-09-30,287,510,610,550,597,700,620,-3.0,-0.8,-0.7,-0.2857,-0.53,-0.6667,0.4,969400.0,827060.0,-0.1017,1.6733
Seabrook,3028,Hobsons Bay,120,2025,6402.7,-1.3545,,,,,,,,,,,,,,,,,759900.0,,-0.8438,
Seaford,3198,Frankston,1911,2025,8866.5,-3.0,Mornington Peninsula,2025-09-30,380,470,560,490,560,660,560,-1.2222,-1.6,-1.2,-1.1429,-0.9,-0.8889,-0.8,848060.0,625760.0,-0.5315,-0.1445
Seaholme,3018,Hobsons Bay,102,2025,6402.7,-1.3545,,,,,,,,,,,,,,,,,1194000.0,,0.6939,
Seddon,3011,Maribyrnong,380,2025,10545.5,-3.0,Outer Western Melbourne,2025-09-30,393,520,730,600,720,850,620,-0.9333,-0.6,0.5,0.4286,0.7,0.1667,0.4,1106500.0,615660.0,0.384,-0.2357
Selby,3159,Yarra Ranges,41,2025,3669.3,2.2954,,,,,,,,,,,,,,,,,826400.0,,-0.6082,
Seville,3139,Yarra Ranges,69,2025,3669.3,2.2954,,,,,,,,,,,,,,,,,839960.0,,-0.5602,
Seville East,3139,Yarra Ranges,14,2025,3669.3,2.2954,,,,,,,,,,,,,,,,,,,,
Sherbrooke,3789,Yarra Ranges,9,2025,3669.3,2.2954,,,,,,,,,,,,,,,,,,,,
Shoreham,3916,Mornington Peninsula,18,2025,5236.7,0.2024,,,,,,,,,,,,,,,,,1855500.0,,3.0,
Silvan,3795,Yarra Ranges,44,2025,3669.3,2.2954,,,,,,,,,,,,,,,,,,,,
Skye,3977,Frankston,327,2025,8866.5,-3.0,,,,,,,,,,,,,,,,,793160.0,584300.0,-0.726,-0.5189
Smiths Gully,3760,Nillumbik,3,2025,2567.5,3.0,,,,,,,,,,,,,,,,,,,,
Somers,3927,Mornington Peninsula,72,2025,5236.7,0.2024,,,,,,,,,,,,,,,,,1353500.0,,1.2589,
Somerton,3062,Hume,298,2025,6346.4,-1.2793,,,,,,,,,,,,,,,,,,,,
Somerville,3912,Mornington Peninsula,513,2025,5236.7,0.2024,,,,,,,,,,,,,,,,,824160.0,633520.0,-0.6162,-0.0744
Sorrento,3943,Mornington Peninsula,138,2025,5236.7,0.2024,,,,,,,,,,,,,,,,,1826500.0,,2.9345,
South Kingsville,3015,Hobsons Bay,81,2025,6402.7,-1.3545,,,,,,,,,,,,,,,,,1134260.0,704500.0,0.4823,0.5666
South Melbourne,3205,Port Phillip,2856,2025,11004.1,-3.0,Inner Melbourne,2025-09-30,548,700,950,750,950,,650,2.5111,3.0,2.7,2.5714,3.0,,1.0,1571260.0,597000.0,2.0303,-0.4042
South Morang,3752,Whittlesea,1086,2025,5327.2,0.0816,,,,,,,,,,,,,,,,,753060.0,530500.0,-0.868,-1.0047
South Wharf,3006,Port Phillip,376,2025,11004.1,-3.0,,,,,,,,,,,,,,,,,,,,
South Yarra,3141,Stonnington,2889,2025,9532.0,-3.0,Inner Melbourne,2025-09-30,500,700,1100,780,1100,1700,620,1.4444,3.0,3.0,3.0,3.0,3.0,0.4,2038760.0,571500.0,3.0,-0.6345
Southbank,3006,Port Phillip,3771,2025,11004.1,-3.0,Inner Melbourne,2025-09-30,570,720,1010,,,,680,3.0,3.0,3.0,,,,1.6,,586360.0,,-0.5003
Spotswood,3015,Hobsons Bay,424,2025,6402.7,-1.3545,Outer Western Melbourne,2025-09-30,455,575,725,580,700,925,620,0.4444,0.5,0.45,0.1429,0.5,0.5833,0.4,1199460.0,789200.0,0.7133,1.3314
Springvale,3171,Greater Dandenong,2514,2025,10169.3,-3.0,South Eastern Melbourne,2025-09-30,370,520,650,510,570,683,570,-1.4444,-0.6,-0.3,-0.8571,-0.8,-0.7611,-0.6,868300.0,629900.0,-0.4598,-0.1071
Springvale South,3172,Greater Dandenong,532,2025,10169.3,-3.0,,,,,,,,,,,,,,,,,827700.0,640400.0,-0.6036,-0.0123
St Albans,3021,Brimbank,3173,2025,7366.8,-2.6419,Outer Western Melbourne,2025-09-30,330,420,482,420,470,550,470,-2.3333,-2.6,-1.98,-2.1429,-1.8,-1.5,-2.6,659000.0,518900.0,-1.2012,-1.1094
St Andrews,3761,Nillumbik,18,2025,2567.5,3.0,,,,,,,,,,,,,,,,,,,,
St Andrews Beach,3941,Mornington Peninsula,17,2025,5236.7,0.2024,,,,,,,,,,,,,,,,,1382600.0,,1.362,
St Helena,3088,Banyule,83,2025,6137.2,-1.0,,,,,,,,,,,,,,,,,1141160.0,,0.5068,
St Kilda,3182,Port Phillip,3366,2025,11004.1,-3.0,Inner Melbourne,2025-09-30,465,630,890,728,950,1105,560,0.6667,1.6,2.1,2.2571,3.0,1.5833,-0.8,1587600.0,523400.0,2.0882,-1.0688
St Kilda East,3183,Glen Eira,628,2025,3838.9,2.0689,,,,,,,,,,,,,,,,,1590200.0,588500.0,2.0974,-0.4809
St Kilda West,3182,Port Phillip,259,2025,11004.1,-3.0,,,,,,,,,,,,,,,,,2423000.0,532100.0,3.0,-0.9902
Steels Creek,3775,Yarra Ranges,3,2025,3669.3,2.2954,,,,,,,,,,,,,,,,,,,,
Strathewen,3099,Nillumbik,2,2025,2567.5,3.0,,,,,,,,,,,,,,,,,,,,
Strathtulloh,3338,Melton,361,2025,5388.3,-0.0,,,,,,,,,,,,,,,,,632700.0,,-1.2944,
Sunbury,3429,Hume,2112,2025,6346.4,-1.2793,North Western Melbourne,2025-09-30,,440,480,440,490,570,520,,-2.2,-2.0,-1.8571,-1.6,-1.3889,-1.6,671900.0,510980.0,-1.1555,-1.181
Sunshine,3020,Brimbank,2536,2025,7366.8,-2.6419,Outer Western Melbourne,2025-09-30,330,410,530,460,495,600,480,-2.3333,-2.8,-1.5,-1.5714,-1.55,-1.2222,-2.4,802400.0,483400.0,-0.6932,-1.43
Sunshine North,3020,Brimbank,1088,2025,7366.8,-2.6419,,,,,,,,,,,,,,,,,745500.0,563800.0,-0.8948,-0.704
Sunshine West,3020,Brimbank,1088,2025,7366.8,-2.6419,,,,,,,,,,,,,,,,,694200.0,602300.0,-1.0765,-0.3563
Surrey Hills,3127,Whitehorse,435,2025,5032.8,0.4747,Inner Eastern Melbourne,2025-09-30,450,570,740,620,800,1100,678,0.3333,0.4,0.6,0.7143,1.5,1.5556,1.56,2313480.0,897600.0,3.0,2.3103
Sydenham,3037,Brimbank,477,2025,7366.8,-2.6419,Outer Western Melbourne,2025-09-30,,450,460,440,480,530,500,,-2.0,-2.2,-1.8571,-1.7,-1.6111,-2.0,703700.0,494400.0,-1.0429,-1.3307
Tarneit,3029,Wyndham,3562,2025,5389.9,-0.0021,,,,,,,,,,,,,,,,,653160.0,465700.0,-1.2219,-1.5899
Tarrawarra,3775,Yarra Ranges,1,2025,3669.3,2.2954,,,,,,,,,,,,,,,,,,,,
Taylors Hill,3037,Melton,310,2025,5388.3,-0.0,,,,,,,,,,,,,,,,,902460.0,560020.0,-0.3388,-0.7381
Taylors Lakes,3038,Brimbank,1044,2025,7366.8,-2.6419,,,,,,,,,,,,,,,,,942800.0,583900.0,-0.1959,-0.5225
Tecoma,3160,Yarra Ranges,52,2025,3669.3,2.2954,,,,,,,,,,,,,,,,,887500.0,,-0.3918,
Templestowe,3106,Manningham,423,2025,3100.2,3.0,Inner Eastern Melbourne,2025-09-30,480,595,720,570,660,820,670,1.0,0.9,0.4,0.0,0.1,0.0,1.4,1622900.0,884660.0,2.2132,2.1934
Templestowe Lower,3107,Manningham,369,2025,3100.2,3.0,,,,,,,,,,,,,,,,,1352000.0,981060.0,1.2536,3.0
The Basin,3154,Knox,174,2025,4872.9,0.6882,,,,,,,,,,,,,,,,,875500.0,,-0.4343,
The Patch,3792,Yarra Ranges,5,2025,3669.3,2.2954,,,,,,,,,,,,,,,,,,,,
Thomastown,3074,Whittlesea,2087,2025,5327.2,0.0816,North Eastern Melbourne,2025-09-30,375,450,501,470,510,590,500,-1.3333,-2.0,-1.79,-1.4286,-1.4,-1.2778,-2.0,728140.0,520860.0,-0.9563,-1.0917
Thornbury,3071,Darebin,1291,2025,8504.0,-3.0,North Eastern Melbourne,2025-09-30,400,520,748,650,798,960,525,-0.7778,-0.6,0.68,1.1429,1.48,0.7778,-1.5,1394900.0,548800.0,1.4056,-0.8394
Thornhill Park,3335,Melton,396,2025,5388.3,-0.0,,,,,,,,,,,,,,,,,588000.0,,-1.4527,
Three Bridges,3797,Yarra Ranges,13,2025,3669.3,2.2954,,,,,,,,,,,,,,,,,,,,
Tonimbuk,3815,Cardinia,,,4967.7,0.5616,,,,,,,,,,,,,,,,,,,,
Toolangi,3777,Yarra Ranges,14,2025,3669.3,2.2954,,,,,,,,,,,,,,,,,,,,
Toolern Vale,3337,Melton,61,2025,5388.3,-0.0,,,,,,,,,,,,,,,,,,,,
Tooradin,3980,Casey,140,2025,5486.1,-0.1306,,,,,,,,,,,,,,,,,814200.0,,-0.6514,
Toorak,3142,Stonnington,776,2025,9532.0,-3.0,Inner Melbourne,2025-09-30,445,650,1000,695,1250,1875,688,0.2222,2.0,3.0,1.7857,3.0,3.0,1.76,5485500.0,959700.0,3.0,2.871
Toorongo,3833,Yarra Ranges,,,3669.3,2.2954,,,,,,,,,,,,,,,,,,,,
Tootgarook,3941,Mornington Peninsula,178,2025,5236.7,0.2024,,,,,,,,,,,,,,,,,898500.0,,-0.3528,
Tottenham,3012,Maribyrnong,147,2025,10545.5,-3.0,,,,,,,,,,,,,,,,,,,,
Tremont,3785,Yarra Ranges,4,2025,3669.3,2.2954,,,,,,,,,,,,,,,,,,,,
Truganina,3029,Wyndham,2476,2025,5389.9,-0.0021,,,,,,,,,,,,,,,,,660460.0,496700.0,-1.196,-1.3099
Tuerong,3915,Mornington Peninsula,26,2025,5236.7,0.2024,,,,,,,,,,,,,,,,,,,,
Tullamarine,3043,Brimbank,948,2025,7366.8,-2.6419,North Western Melbourne,2025-09-30,,450,553,500,530,620,530,,-2.0,-1.27,-1.0,-1.2,-1.1111,-1.4,755700.0,560860.0,-0.8587,-0.7305
Tyabb,3913,Mornington Peninsula,122,2025,5236.7,0.2024,,,,,,,,,,,,,,,,,784200.0,621500.0,-0.7577,-0.183
Tynong,3813,Cardinia,20,2025,4967.7,0.5616,,,,,,,,,,,,,,,,,,,,
Tynong North,3813,Cardinia,35,2025,4967.7,0.5616,,,,,,,,,,,,,,,,,,,,
Upper Ferntree Gully,3156,Yarra Ranges,216,2025,3669.3,2.2954,,,,,,,,,,,,,,,,,870600.0,502700.0,-0.4516,-1.2557
Upwey,3158,Yarra Ranges,188,2025,3669.3,2.2954,,,,,,,,,,,,,,,,,859520.0,,-0.4909,
Vermont,3133,Whitehorse,347,2025,5032.8,0.4747,Inner Eastern Melbourne,2025-09-30,530,578,650,540,630,750,650,2.1111,0.56,-0.3,-0.4286,-0.2,-0.3889,1.0,1285200.0,931380.0,1.017,2.6153
Vermont South,3133,Whitehorse,540,2025,5032.8,0.4747,,,,,,,,,,,,,,,,,1479600.0,951660.0,1.7056,2.7984
Vervale,3814,Cardinia,1,2025,4967.7,0.5616,,,,,,,,,,,,,,,,,,,,
Viewbank,3084,Banyule,116,2025,6137.2,-1.0,,,,,,,,,,,,,,,,,1168300.0,745460.0,0.6029,0.9364
Wandin East,3139,Yarra Ranges,10,2025,3669.3,2.2954,,,,,,,,,,,,,,,,,,,,
Wandin North,3139,Yarra Ranges,84,2025,3669.3,2.2954,,,,,,,,,,,,,,,,,910060.0,,-0.3119,
Wantirna,3152,Knox,626,2025,4872.9,0.6882,Outer Eastern Melbourne,2025-09-30,287,510,610,550,597,700,620,-3.0,-0.8,-0.7,-0.2857,-0.53,-0.6667,0.4,1111000.0,696700.0,0.3999,0.4961
Wantirna South,3152,Knox,1429,2025,4872.9,0.6882,,,,,,,,,,,,,,,,,1280400.0,529800.0,1.0,-1.011
Warburton,3799,Yarra Ranges,84,2025,3669.3,2.2954,,,,,,,,,,,,,,,,,666560.0,,-1.1744,
Warneet,3980,Casey,16,2025,5486.1,-0.1306,,,,,,,,,,,,,,,,,,,,
Warrandyte,3113,Manningham,128,2025,3100.2,3.0,,,,,,,,,,,,,,,,,1298100.0,,1.0627,
Warrandyte South,3134,Manningham,9,2025,3100.2,3.0,,,,,,,,,,,,,,,,,,,,
Warranwood,3134,Maroondah,53,2025,5643.1,-0.3402,,,,,,,,,,,,,,,,,1311500.0,,1.1102,
Waterways,3195,Kingston,54,2025,5702.9,-0.4201,,,,,,,,,,,,,,,,,1429600.0,,1.5285,
Watsonia,3087,Banyule,366,2025,6137.2,-1.0,,,,,,,,,,,,,,,,,949460.0,752500.0,-0.1723,1.0
Watsonia North,3087,Banyule,128,2025,6137.2,-1.0,,,,,,,,,,,,,,,,,892160.0,,-0.3753,
Watsons Creek,3097,Nillumbik,2,2025,2567.5,3.0,,,,,,,,,,,,,,,,,,,,
Wattle Glen,3096,Nillumbik,27,2025,2567.5,3.0,,,,,,,,,,,,,,,,,998100.0,,0.0,
Weir Views,3338,Melton,359,2025,5388.3,-0.0,,,,,,,,,,,,,,,,,565660.0,,-1.5318,
Werribee,3030,Wyndham,4114,2025,5389.9,-0.0021,Outer Western Melbourne,2025-09-30,350,405,450,420,460,525,490,-1.8889,-2.9,-2.3,-2.1429,-1.9,-1.6389,-2.2,619100.0,436700.0,-1.3425,-1.8517
Werribee South,3030,Wyndham,175,2025,5389.9,-0.0021,,,,,,,,,,,,,,,,,820200.0,494700.0,-0.6302,-1.328
Wesburn,3799,Yarra Ranges,27,2025,3669.3,2.2954,,,,,,,,,,,,,,,,,,,,
West Footscray,3012,Maribyrnong,749,2025,10545.5,-3.0,Outer Western Melbourne,2025-09-30,365,475,620,500,600,725,550,-1.5556,-1.5,-0.6,-1.0,-0.5,-0.5278,-1.0,928500.0,518060.0,-0.2465,-1.117
West Melbourne,3003,Melbourne,1246,2025,17671.9,-3.0,Inner Melbourne,2025-09-30,525,660,882,650,853,1080,600,2.0,2.2,2.02,1.1429,2.03,1.4444,0.0,1282000.0,526900.0,1.0057,-1.0372
Westmeadows,3049,Hume,385,2025,6346.4,-1.2793,,,,,,,,,,,,,,,,,728160.0,587700.0,-0.9562,-0.4882
Wheelers Hill,3150,Monash,600,2025,5566.4,-0.2378,,,,,,,,,,,,,,,,,1426280.0,973980.0,1.5168,3.0
Whittlesea,3757,Whittlesea,231,2025,5327.2,0.0816,North Eastern Melbourne,2025-09-30,,440,500,450,510,550,540,,-2.2,-1.8,-1.7143,-1.4,-1.5,-1.2,721500.0,477200.0,-0.9798,-1.486
Wildwood,3429,Hume,33,2025,6346.4,-1.2793,,,,,,,,,,,,,,,,,,,,
Williams Landing,3027,Wyndham,566,2025,5389.9,-0.0021,,,,,,,,,,,,,,,,,812300.0,428860.0,-0.6582,-1.9225
Williamstown,3016,Hobsons Bay,941,2025,6402.7,-1.3545,Outer Western Melbourne,2025-09-30,420,523,670,600,800,1000,670,-0.3333,-0.54,-0.1,0.4286,1.5,1.0,1.4,1555600.0,801300.0,1.9748,1.4407
Williamstown North,3016,Hobsons Bay,208,2025,6402.7,-1.3545,,,,,,,,,,,,,,,,,1329960.0,818800.0,1.1756,1.5987
Windsor,3181,Stonnington,1114,2025,9532.0,-3.0,Inner Melbourne,2025-09-30,460,650,950,775,975,1350,590,0.5556,2.0,2.7,2.9286,3.0,2.9444,-0.2,1428400.0,552100.0,1.5243,-0.8096
Wollert,3750,Whittlesea,1109,2025,5327.2,0.0816,,,,,,,,,,,,,,,,,692300.0,477760.0,-1.0832,-1.4809
Wonga Park,3115,Yarra Ranges,49,2025,3669.3,2.2954,,,,,,,,,,,,,,,,,1233500.0,,0.8339,
Woodstock,3755,Whittlesea,13,2025,5327.2,0.0816,,,,,,,,,,,,,,,,,715700.0,,-1.0004,
Woori Yallock,3139,Yarra Ranges,81,2025,3669.3,2.2954,,,,,,,,,,,,,,,,,691500.0,,-1.0861,
Wyndham Vale,3024,Wyndham,1224,2025,5389.9,-0.0021,,,,,,,,,,,,,,,,,582200.0,482800.0,-1.4733,-1.4354
Yallambie,3085,Banyule,86,2025,6137.2,-1.0,,,,,,,,,,,,,,,,,1021500.0,,0.0829,
Yan Yean,3755,Whittlesea,11,2025,5327.2,0.0816,,,,,,,,,,,,,,,,,,,,
Yannathan,3894,Cardinia,6,2025,4967.7,0.5616,,,,,,,,,,,,,,,,,,,,
Yarra Glen,3775,Yarra Ranges,76,2025,3669.3,2.2954,,,,,,,,,,,,,,,,,869300.0,,-0.4563,
Yarra Junction,3797,Yarra Ranges,124,2025,3669.3,2.2954,,,,,,,,,,,,,,,,,720600.0,629500.0,-0.983,-0.1107
Yarrambat,3091,Nillumbik,43,2025,2567.5,3.0,,,,,,,,,,,,,,,,,,,,
Yarraville,3013,Maribyrnong,1004,2025,10545.5,-3.0,Outer Western Melbourne,2025-09-30,393,520,730,600,720,850,620,-0.9333,-0.6,0.5,0.4286,0.7,0.1667,0.4,1133460.0,632000.0,0.4795,-0.0881
Yellingbo,3139,Yarra Ranges,13,2025,3669.3,2.2954,,,,,,,,,,,,,,,,,,,,
Yering,3770,Yarra Ranges,4,2025,3669.3,2.2954,,,,,,,,,,,,,,,,,,,,
Yuroke,3063,Hume,17,2025,6346.4,-1.2793,,,,,,,,,,,,,,,,,,,,
